title,linkImg,shortDescription,articleLink,content
"Diincar Al Ahli, Mahrez Setia Man City",https://akcdn.detik.net.id/community/media/visual/2023/06/17/riyad-mahrez_43.jpeg?w=250&q=,"Riyad Mahrez diisukan akan meninggalkan Manchester City musim panas ini. Tapi, Mahrez menegaskan masa depannya ada di klub itu.",https://sport.detik.com/sepakbola/liga-inggris/d-6778273/diincar-al-ahli-mahrez-setia-man-city,"
Douala - Riyad Mahrez diisukan akan meninggalkan Manchester City musim panas ini. Tapi, Mahrez menegaskan masa depannya ada di klub itu.Mahrez baru saja melalui musim 2022/2023 yang gemilang saat membantu City meraih treble. Dia bikin 15 gol dan 13 assist dari 47 penampilan.Ini menunjukkan kalau Mahrez tetap penting untuk City sekalipun harus dirotasi setiap pekannya oleh manajer Pep Guardiola. Tapi, melihat usia Mahrez yang sudah menginjak 32 tahun, Mahrez tentu butuh kepastian soal statusnya.



    ADVERTISEMENT
  















        SCROLL TO RESUME CONTENT
  

Dengan kontrak menyisakan dua tahun, Mahrez bisa saja dijual City dengan harga tinggi demi menambah pemasukan klub untuk mendatangkan pemain buruan lainnya.Baca juga: Klub Arab Saudi Incar Riyad Mahrez, Man City Buka PintuAdalah klub Arab Saudi Al Ahli yang berencana merekrut Mahrez dan siap memberikannya gaji tinggi, melebihi dari apa yang didapat di City sekitar 6,2 juta paun per musim. Al Ahli butuh sosok Mahrez agar bisa bersaing di Liga Arab Saudi musim depan, setelah promosi dari divisi dua.Eksodus para pemain top ke Liga Arab Saudi boleh jadi bisa membuat Mahrez tertarik dan mengikuti jejak Cristiano Ronaldo dkk. Tapi, Mahrez rupanya belum tertarik untuk meninggalkan City.Dia memastikan akan setia berseragam Citizens hingga kontraknya habis 2025.""Saya masih punya sisa kontrak dua tahun di Manchester. Sejauh ini belum ada tawaran apapun. Saya fokus ke dua laga bersama Aljazair sebelum liburan,"" ujar Riyad Mahrez seperti dikutip Manchester Evening News.Baca juga: Rumor Transfer Manchester City: 5 Keluar, 3 Masuk Simak Video ""Manchester City Tekuk Chelsea 1-0 di Etihad Stadium""
[Gambas:Video 20detik]
(mrp/ran)


riyad mahrez manchester city al ahli liga inggris 2022/2023 liga inggris liga arab saudi 

"
Rumor Transfer: Bayern Munich Kejar Kyle Walker,https://akcdn.detik.net.id/community/media/visual/2023/03/08/kyle-walker_43.jpeg?w=250&q=,Bayern Munich dilaporkan mendekati Manchester City untuk peluang transfer Kyle Walker. Ada kans cukup besar Walker mempertimbangkan pindah.,https://sport.detik.com/sepakbola/liga-jerman/d-6777423/rumor-transfer-bayern-munich-kejar-kyle-walker,"
Munich - Bayern Munich dilaporkan mendekati Manchester City untuk peluang transfer Kyle Walker. Ada kans cukup besar Walker mempertimbangkan pindah.Minat Bayern terhadap Walker kabarnya dilandasi permintaan sang pelatih, Thomas Tuchel. Peluang untuk memboyong bek 33 tahun itu terbuka cukup lebar karena kontrakya hanya tersisa setahun.Baca juga: Dikaitkan dengan MU, Yann Sommer Beri TanggapanMusim panas ini jadi kesempatan terakhir Manchester City untuk menjualnya dengan harga yang cukup bagus. Posisi tawar mereka tak terlalu kuat, apalagi Walker mempertanyakan kesempatan bermainnya.



    ADVERTISEMENT
  















        SCROLL TO RESUME CONTENT
  

Ia musim lalu sempat digusur dari posisi utama oleh Manajer Pep Guardiola. Termasuk saat dicadangkan di final Liga Champions kontra Inter Milan dan baru dimainkan di delapan menit terakhir.Baca juga: Bukan Lagi MU, Bayern Kini Terdepan dalam Perburuan Kim Min-jaePersoalan waktu bermain inilah yang akan menjadi pertimbangan Walker. Ia ingin mendapatkan jaminan menatap Piala Eropa 2024 di Jerman.Bayern Munich sendiri sedang butuh tambahan pemain di sektor bek sayap. Sebelumnya mereka memutuskan tak mempermanenkan peminjaman pemain Man City Joao Cancelo, yang dipatok harga 70 juta Euro.Kesepakatan diyakini belum akan terjalin dalam waktu dekat. Namun kedua klub mengeksplorasi kesempatan tersebut.Walker sudah enam musim memperkuat Manchester City. Ia memenangi 14 trofi, termasuk lima gelar Liga Inggris dan satu titel Liga Champions.Baca juga: Kimmich Jawab Rumor soal Barcelona Simak Video ""Pesta Gol Manchester City di Laga Lawan Bayern Munich""
[Gambas:Video 20detik]
(raw/bay)


bayern munich manchester city kyle walker 

"
Benjamin Mendy Resmi Dilepas Man City Akhir Bulan Ini,https://akcdn.detik.net.id/community/media/visual/2023/06/17/benjamin-mendy_43.jpeg?w=250&q=,"Manchester City akan melepas Benjamin Mendy. Kontrak bek asal Prancis itu tak akan diperpanjang, menyusul statusnya yang masih berurusan dengan hukum.",https://sport.detik.com/sepakbola/gila-bola/d-6777421/benjamin-mendy-resmi-dilepas-man-city-akhir-bulan-ini,"
Manchester - Manchester City akan melepas Benjamin Mendy di musim panas ini. Kontrak bek asal Prancis itu tak akan diperpanjang, menyusul statusnya yang masih berurusan dengan hukum.Mendy sudah absen membela Man City sejak Agustus 2021 usai ditangkap karena dituduh melakukan sejumlah kasus pemerkosaan dan kekerasan seksual. Ia pun diskors sejak saat itu.Mirror melaporkan Man City telah mengonfirmasi bahwa Mendy itu akan berstatus bebas transfer. Ia kini fokus menghadapi sidang kasusnya.



    ADVERTISEMENT
  















        SCROLL TO RESUME CONTENT
  

Baca juga: Benjamin Mendy Dinyatakan Tidak Bersalah, Begini Respons Man CityMendy akan menjalani sidang pada tanggal 26 Juni mendatang di Pengadilan Chester. Ia menghadapi tuntutan satu kasus dugaan pemerkosaan dan satu kasus percobaan pemerkosaan.Sebelumnya, Mendy juga dijerat dengan enam kasus pemerkosaan dan satu kasus kekerasan seksual, namun pada Januari lalu telah dinyatakan tak bersalah dalam tujuh kasus tersebut, membuat dirinya kini hanya 'tersangkut' dua kasus.Mendy membantah telah melakukan segala hal yang telah dituduhkan padanya dan lewat pengacaranya, menyatakan ""bertekad memulihkan nama baik terkait dua kasus yang menjeratnya agar bisa menata ulang hidupnya.""Baca juga: Benjamin Mendy Dinyatakan Tak Bersalah dalam 6 Kasus PerkosaanMendy direkrut Man City pada musim panas 2017 dari AS Monaco. Ia mencatatkan 75 penampilan bersama The Citizens dan meraih tiga gelar Premier League, dua Piala Liga Inggris, dan satu Community Shield.Ia merupakan pemain pertama yang menjadi juara Piala Dunia dengan status pemain Man City pada 2018. Torehan itu disamai Julian Alvarez di 2022. (adp/raw)


benjamin mendy manchester city 

"
Ini Tantangan Arsenal Tuntaskan Transfer Declan Rice?,https://akcdn.detik.net.id/community/media/visual/2023/06/09/declan-rice_43.jpeg?w=250&q=,Arsenal belum mendapatkan perkembangan signifikan lagi dalam transfer Declan Rice. Skema pembayaran dituding jadi tantangan mereka.,https://sport.detik.com/sepakbola/liga-inggris/d-6777384/ini-tantangan-arsenal-tuntaskan-transfer-declan-rice,"
London - Arsenal belum mendapatkan perkembangan signifikan lagi dalam transfer Declan Rice. Skema pembayaran dituding jadi tantangan mereka.Arsenal memang menjadikan Declan Rice sebagai target utama di bursa transfer musim panas ini. West Ham United selaku pemilik pemain gelandang tersebut juga sudah siap melepas.Baca juga: Arsenal Bisa Jadi Kandidat Juara Lagi kalau...Mengingat persaingan untuk mendapatkan Rice cukup ketat, dengan minat dari Manchester City dan juga Bayern Munich, Arsenal ingin bergerak cepat. Rice sendiri dilaporkan sudah memberikan lampu hijau ke The Gunners.



    ADVERTISEMENT
  















        SCROLL TO RESUME CONTENT
  

Dalam sejumlah laporan, klub London utara itu disebut siap memenuhi harga 100 juta paun yang diminta West Ham. Akan tetapi mantan gelandang Arsenal Ray Parlour percaya Arsenal mengupayakan pembayarannya dilakukan secara mencicil, yang bikin prosesnya tak kunjung berkembang.""Kedengarannya mereka ingin mencicil per tahun, sementara West Ham harus menggantikan Declan dan mungkin membeli dua pemain dengan uang penjualannya. Jadi di sanalah mungkin halangannya,"" kata Parlour kepada talkSPORT.Baca juga: Arsenal Siap Tebus Declan Rice Rp 1,8 T""Kalau Arsenal menginginkan pemain ini, mereka harus berusaha sekuat tenaga untuk mendapatkannya. Dia akan jadi pengganti yang sempurna buat Xhaka, yang penting selesaikan transaksinya.""""Saya yakin Edu dan Mikel bekerja sangat keras untuk menyelesaikannya. Tapi kalau Man City datang, maka adalah masalah serius, sebuah dilema dari sudut pandang Declan,"" imbuhnya.Baca juga: Declan Rice Mau ke Arsenal, Diingatkan Begini: Awas Menyesal! Simak Video ""West Ham Konfirmasi Declan Rice Akan Hengkang""
[Gambas:Video 20detik]
(raw/adp)


declan rice arsenal 

"
Kisah Ruben Dias Mabuk hingga 'Jackpot' di Pesta Man City,https://akcdn.detik.net.id/community/media/visual/2023/06/11/manchester-city-3_43.jpeg?w=250&q=,Alkohol dan minuman keras mewarnai pesta treble Manchester City. Ruben Dias ikutan mabuk hingga 'jackpot' di tas ibunya Jack Grealish. Duh!,https://sport.detik.com/sepakbola/gila-bola/d-6777422/kisah-ruben-dias-mabuk-hingga-jackpot-di-pesta-man-city,"
Manchester - Alkohol dan minuman keras mewarnai pesta treble Manchester City. Ruben Dias ikutan mabuk hingga 'jackpot' di tas ibunya Jack Grealish. Duh!Man City mengakhiri musim 2022/2023 dengan sempurna. The Sky Blues memenangkan Liga Champions di Istanbul, sekaligus melengkapi treble winners mereka.Skuad Man City merayakan gelar treble mereka dengan parade juara di Kota Manchester. Para pemain berpesta sampanye, cerutu, hingga minuman keras.



    ADVERTISEMENT
  















        SCROLL TO RESUME CONTENT
  

Baca juga: Man City Berpesta: Grealish Dugem, Haaland Isap Cerutu!Jack Grealish menjadi bintang Manchester City yang paling disorot. Winger Inggris itu terus menerus menenggak minuman keras sejak dari Istanbul hingga pulang ke Manchester.Pesta alkohol Man City bahkan sampai membuat Ruben Dias tergoda. Bek Portugal itu sesungguhnya bukan peminum macam Grealish, tapi ikut mencicipi minuman keras saat perayaan juara.Jack Grealish dicekoki minuman keras saat pesta juara Manchester City. (Foto: Getty Images/Alex Livesey)Kisah lucu diungkapkan kiper Man City, Ederson Moraes. Dia menceritakan bagaimana Dias tidak kuat menenggak minuman keras dan 'jackpot' alias muntah!""Ada pemain yang tidak minum, tetapi membuat pengecualian, yang terjadi pada Ruben Dias, tetapi itu tidak berhasil untuknya,"" kata Ederson saat sesi konferensi pers bersama Timnas Brasil, dilansir dari Sky Sports.Baca juga: Jack Grealish di Pesta Man City: Mabuk, Mabuk, Mabuk[Gambas:Twitter]""Dua sloki dan dia memuntahkan semuanya... Anda mungkin tidak percaya, dia muntah di tas ibunya Jack Grealish,"" ujarnya sambil tertawa.Duh, ada-ada saja Ruben Dias!Baca juga: Saat Grealish yang Mabuk-mabukan Bikin Semua Pemain City Khawatir Simak Video ""Kemeriahan Parade Treble Winners Manchester City""
[Gambas:Video 20detik]
(bay/adp)


manchester city manchester city treble ruben dias jack grealish ederson moraes 

"
Jadwal Community Shield 2023: Manchester City Vs Arsenal,https://akcdn.detik.net.id/community/media/visual/2017/08/03/74d0ec17-610b-492e-b22c-035d4d03a1a4_43.jpg?w=250&q=,Manchester City menghadapi Arsenal pada pertandingan Community Shield 2023. Berikut ini jadwal pertandingannya.,https://sport.detik.com/sepakbola/liga-inggris/d-6777383/jadwal-community-shield-2023-manchester-city-vs-arsenal,"
London - Manchester City menghadapi Arsenal pada pertandingan Community Shield 2023. Berikut ini jadwal pertandingannya.Liga Inggris 2023/2024 dibuka dengan laga Community Shield. Pertandingan ini mempertemukan kampiun Premier League dengan jawara Piala FA.Manchester City akan tanding di Community Shield 2023 dengan status juara Premier League dan Piala FA. Lawan yang ditunjuk adalah Arsenal selaku runner-up Liga Inggris 2022/2023.



    ADVERTISEMENT
  















        SCROLL TO RESUME CONTENT
  

Baca juga: Man City di Ambang Dapatkan Mateo Kovacic dari ChelseaLaga Community Shield antara Manchester City vs Arsenal dijadwalkan pada Minggu 6 Agustus 2023. Stadion Wembley di London menjadi arena pertandingannya.Community Shield 2023 bertepatan dengan peringatan hari jadi ke-100 Stadion Wembley. Musim lalu, pertandingan Community Shield digelar di markas Leicester City, Stadion King Power.Manchester City dan Arsenal terakhir kali bertemu di Community Shied 2014. The Gunners kala itu mengangkat piala usai mengalahkan The Citizens 3-0.Arsenal sudah 16 kali menjadi juara Community Shied sepanjang sejarah, menyamai torehan Liverpool. Meriam London menjadi tim kedua yang paling banyak memenangkan kompetisi ini setelah Manchester United (21 kali).Baca juga: Kai Havertz Beri Lampu Hijau, Arsenal Kini Nego dengan Chelsea[Gambas:Twitter]Manchester City memenangkan Community Shield sebanyak 6 kali. The Sky Blues terakhir kali meraih trofi ini ada 2019.Community Shield 2023Manchester City vs Arsenal6 Agustus 2023Stadion Wembley.Baca juga: Usai Treble Bareng Man City, Rodri Bidik Trofi UEFA Nations League Simak Video ""Arsenal Gagal Juara Liga Inggris, Netizen: Kayak Jagain Jodoh Orang""
[Gambas:Video 20detik]
(bay/adp)


manchester city arsenal manchester city vs arsenal man city vs arsenal community shield community shield 2023 

"
Man City di Ambang Dapatkan Mateo Kovacic dari Chelsea,https://akcdn.detik.net.id/community/media/visual/2019/07/01/1f79badd-a754-4195-9dae-62a4571b1a68_43.png?w=250&q=,Mateo Kovacic segera menuju pintu keluar Chelsea. Manchester City dikabarkan sudah dekat mendapatkan Kovacic untuk musim depan.,https://sport.detik.com/sepakbola/liga-inggris/d-6777148/man-city-di-ambang-dapatkan-mateo-kovacic-dari-chelsea,"
Jakarta - Mateo Kovacic segera menuju pintu keluar Chelsea. Manchester City dikabarkan sudah dekat mendapatkan Kovacic untuk musim depan.City dan Chelsea sudah memulai negosiasi transfer gelandang Kroasia itu sejak akhir Mei. Pada beberapa hari terakhir, pembicaraan berlangsung lancar dan kedua klub telah menyepakati harga Kovacic serta perihal struktur pembayarannya.Sumber-sumber yang didapatkan ESPN menyebut, Chelsea setuju melego Kovacic ke Man City dengan kesepakatan yang mencapai 34,2 juta pound sterling (Rp 656,2 miliar). Perkara yang tinggal dibereskan tinggal persoalan uang muka transfer mantan pemain Real Madrid itu.



    ADVERTISEMENT
  















        SCROLL TO RESUME CONTENT
  

Baca juga: Chelsea Vs Liverpool Buka Liga Inggris Musim 2023/2024Chelsea sedang dalam tekanan untuk mendapatkan pemasukan melalui penjualan pemain sampai akhir bulan ini setelah menghabiskan sekitar 600 juta pound di era kepemilikan Todd Boehly.Transfer keluar yang diselesaikan sebelum 30 Juni akan jatuh di bawah tahun pajak penuh pertama dan oleh karenanya, hal itu akan membantu mengurangi kerugian sekaligus membantu terkait aturan Financial Fair Play UEFA.Baca juga: Klub Arab Saudi Incar Riyad Mahrez, Man City Buka PintuMeski ada urusan yang harus diselesaikan, kepindahan Mateo Kovacic ke Manchester City diyakini tidak akan terkendala. Sumber-sumber ESPN juga optimistis bahwa transfer itu akan rampung dalam dua pekan.""Manchester City sudah lebih dekat untuk menyelesaikan kesepakatan transfer Mateo Kovacic secepat mungkin. Kesepakatan pribadi 100% sudah terjalin, Kovacic menginginkan kepindahannya,"" ucap jurnalis top Fabrizio Romano.Mateo Kovacic sudah membuat 221 penampilan untuk Chelsea sejak dipinjam dari Real Madrid di 2018, lalu dipermanenkan semusim berikutnya. Kovacic mencetak enam gol dan memenangi Liga Champions, Liga Europa, Piala Super Eropa dan Piala Dunia Antarklub. Simak Video ""Manchester City Tekuk Chelsea 1-0 di Etihad Stadium""
[Gambas:Video 20detik]
(rin/mrp)


mateo kovacic manchester city chelsea liga inggris bursa transfer 

"
Malta Vs Inggris: Southgate Belum Tentu Turunkan Pemain Man City,https://akcdn.detik.net.id/community/media/visual/2023/06/16/jack-grealish_43.jpeg?w=250&q=,"Usai juara Liga Champions, para pemain Manchester City sudah gabung timnas Inggris jelang laga melawan Malta. Meski demikian, mereka belum tentu akan dimainkan.",https://sport.detik.com/sepakbola/bola-dunia/d-6776207/malta-vs-inggris-southgate-belum-tentu-turunkan-pemain-man-city,"
Jakarta - Usai juara Liga Champions, para pemain Manchester City sudah gabung timnas Inggris jelang laga melawan Malta. Meski demikian, mereka belum tentu akan dimainkan.Usai mengantar City juara Liga Champions, Jack Grealish, Phil Foden, Kyle Walker, John Stones, dan Kalvin Phillips gabung timnas jelang kualifikasi Euro 2024. Mereka baru gabung ke skuad pada hari Selasa (13/6) waktu setempat.Grealish menjadi sorotan dalam perayaan treble City. Pemain berusia 27 tahun itu terlihat merayakan kesuksesan City secara gila-gilaan dan terlihat mabuk-mabukan.



    ADVERTISEMENT
  















        SCROLL TO RESUME CONTENT
  

Baca juga: Saat Grealish yang Mabuk-mabukan Bikin Semua Pemain City KhawatirInggris sudah ditunggu Malta di kualifikasi Euro 2024, Sabtu (17/6) dini hari WIB. Melihat kondisi para pemain City, manajer Inggris Gareth Southgate mengonfirmasi bahwa mereka belum masuk ke dalam rencana untuk melawan Malta.""Ada (batas). Tapi kami tidak berencana untuk memasukkan pemain-pemain City untuk pertandingan (melawan Malta),"" ujar Southgate seperti dilansir Evening Standard.""Kami perlu memberi mereka waktu untuk menyerap semuanya. Tapi poin utamanya adalah mereka semua ingin ada di tim ini, itu luar biasa.""""Mereka perlu pemulihan, mereka butuh tidur, makan enak dan kami mau mereka siap. Saya sudah cukup punya bekal soal apa yang bisa membantu kami besok dan hari Senin (melawan Makedonia Utara) masih beberapa hari lagi. Kita lihat saja nanti apa yang kami dapat dari laga ini.""Baca juga: Man City Berpesta: Grealish Dugem, Haaland Isap Cerutu! (nds/mrp)


timnas inggris gareth southgate manchester city 

"
"Usai Treble Bareng Man City, Rodri Bidik Trofi UEFA Nations League",https://akcdn.detik.net.id/community/media/visual/2023/03/28/1476683704_43.jpeg?w=250&q=,Spanyol lolos ke final UEFA Nations League. Peluang Rodri menambah trofi terbuka lebar setelah sukses bersama Man City dengan tiga gelar musim ini.,https://sport.detik.com/sepakbola/detiktv/d-6775562/usai-treble-bareng-man-city-rodri-bidik-trofi-uefa-nations-league,"
Jakarta - Rodri menjadi man of the match dari laga Spanyol vs Italia di semifinal UEFA Nations League. El Matador menang 2-1.Selanjutnya, Spanyol akan menghadapi Kroasia di partai final. Peluang Rodri menambah trofi terbuka lebar setelah sukses bersama Man City dengan tiga gelar musim ini.



    ADVERTISEMENT
  















        SCROLL TO RESUME CONTENT
  

 (/)


uefa nations league rodri spanyol 

"
"Start Apes Nottingham Forest: Lawan Arsenal, MU, Chelsea & Man City",https://akcdn.detik.net.id/community/media/visual/2023/01/26/sam-surridge_43.jpeg?w=250&q=,Nottingham Forest layak disebut tim dengan start terburuk di Premier League 2023/2024. Mereka akan menghadapi empat tim top dalam enam pekan pertama.,https://sport.detik.com/sepakbola/liga-inggris/d-6775039/start-apes-nottingham-forest-lawan-arsenal-mu-chelsea--man-city,"
Nottingham - Nottingham Forest layak disebut tim dengan start terburuk di Premier League 2023/2024. Mereka akan menghadapi empat tim top dalam enam pekan pertama.Premier League resmi merilis jadwal musim 2023/2024 pada Rabu (15/6/2023) sore WIB. Pekan pertama Liga Inggris langsung dipanaskan Chelsea vs Liverpool di Stamford Bridge pada 13 Agustus mendatang.Itu niscaya akan jadi laga yang menantang buat kedua tim, yang akan menginginkan start positif. Tapi bicara soal menantang, pekan-pekan awal Nottingham Forest ada di level berbeda.



    ADVERTISEMENT
  















        SCROLL TO RESUME CONTENT
  

Baca juga: Chelsea Vs Liverpool Buka Liga Inggris Musim 2023/2024Betapa tidak, Forest bakal bertemu empat tim dari The Big Six dalam enam pekan pertamanya. Dan yang bikin lebih gereget lagi, seluruhnya adalah partai tandang!Forest yang nyaris terdegradasi dan finis di posisi 16 pada musim 2022/2023 lalu akan memulai musim baru dengan melawat ke Arsenal. Setelah menjamu tim promosi Sheffield United di pekan kedua, mereka akan bertandang ke Manchester United.Pada pekan keempat, gantian Chelsea yang sudah menunggu di Stamford Bridge. Lalu usai menghadapi Burnley di The City Ground, Forest akan menantang juara bertahan Manchester City di Etihad Stadium.Gimana, gereget bukan?Baca juga: Nottingham Vs Arsenal: The Gunners Kalah, Man City Juara Premier League!Jadwal Enam Pekan Pertama Nottingham Forest di Premier League 2023/2024Pekan 1: Vs Arsenal di Emirates StadiumPekan 2: Vs Sheffield United di City GroundPekan 3: Vs Manchester United di Old TraffordPekan 4: Vs Chelsea di Stamford BridgePekan 5: Vs Burnley di City GroundPekan 6: Vs Man City di Etihad Stadium (raw/rin)


nottingham forest premier league 

"
"Klub Arab Saudi Incar Riyad Mahrez, Man City Buka Pintu",https://akcdn.detik.net.id/community/media/visual/2023/06/15/riyad-mahrez_43.jpeg?w=250&q=,"Manchester City siap membuka pintu bagi klub Arab Saudi yang meminati Riyad Mahrez. Kabarnya, Al Ahli meminatinya.",https://sport.detik.com/sepakbola/liga-inggris/d-6774985/klub-arab-saudi-incar-riyad-mahrez-man-city-buka-pintu,"
Manchester - Manchester City siap membuka pintu bagi klub Arab Saudi yang meminati Riyad Mahrez. Kabarnya, Al Ahli meminatinya.Klub-klub Arab Saudi terus berlomba datangkan pemain top dari Eropa. Teranyar, nama Riyadh Mahrez jadi incaran beberapa klub di sana.Baca juga: Keyakinan Cristiano Ronaldo pada Liga Arab SaudiDilansir dari Mirror, pakar transfer Farizio Romano dapat kabar terpercaya soal Al Ahli yang meminati Riyad Mahrez. Menurutnya, negosiasi sedang berlangsung!



    ADVERTISEMENT
  















        SCROLL TO RESUME CONTENT
  

""Pembicaraan sedang berlangsung. Al Ittihad tidak lakukan kontak meski sedang dirumorkan, kini Al Ahli mencoba menggoda Riyad Mahrez,"" jelasnya.""Manchester City berharap dapat pemasukan dari penjualan Riyad Mahrez. Mereka tidak mau si pemain pergi dengan bebas transfer,"" lanjutnya.Baca juga: Man City Dominasi Liga Inggris, Rashford: Nggak BagusRiyad Mahrez sudah memperkuat Manchester City sejak tahun 2018. Kontraknya tersisa sampai musim panas 2025.Penyerang sayap berusia 32 tahun itu jadi andalan Pep Guardiola di pos penyerang sayap. Meski di musim ini, Mahrez kerap dirotasi oleh Jack Grealish atau Bernardo Silva.Akan tetapi, catatan pemain asal Aljazair tersebut tidak jelek-jelek amat walau kebanyakan jadi pemain pengganti. Mahrez kemas 13 gol dan 13 assist dari 46 di seluruh kompetisi.""Pembicaraan kedua tim akan terus berlanjut. Mahrez bisa jadi pemain top selanjutnya yang akan main di Arab Saudi,"" tutup Fabrizio Romano.Baca juga: Ronaldo, Benzema, dan 'Taktik Ofensif' Arab Saudi Kuasai Dunia (aff/cas)


riyad mahrez manchester city al ahli arab saudi fabrizio romano 

"
"Carragher Sebut Guardiola Lebih Oke ketimbang Sir Alex, Setuju?",https://akcdn.detik.net.id/community/media/visual/2019/02/26/6a59a611-a7f6-4106-9c9b-60c442cfb2b6_43.jpeg?w=250&q=,Mantan bek Liverpool Jamie Carragher melontarkan opini bahwa Pep Guardiola lebih oke ketimbang Sir Alex Ferguson. Setuju?,https://sport.detik.com/sepakbola/liga-inggris/d-6774956/carragher-sebut-guardiola-lebih-oke-ketimbang-sir-alex-setuju,"
Jakarta - Mantan bek Liverpool Jamie Carragher melontarkan opini bahwa yang berpontensi memunculkan perdebatan panjang. Katanya, Pep Guardiola lebih oke ketimbang Sir Alex Ferguson.Penilaian tersebut Carragher lontarkan setelah Manchester City, yang ditangani Pep Guardiola, mewujudkan treble setelah menang 1-0 atas Inter Milan di final Liga Champions.Sebelum itu, pada musim ini the Citizens juga sudah menjuarai Piala FA dengan mengalahkan Manchester United di final dan menjadi kampiun Premier League usai mengungguli runner-up Arsenal.



    ADVERTISEMENT
  















        SCROLL TO RESUME CONTENT
  

Baca juga: Man City Dominasi Liga Inggris, Rashford: Nggak BagusBuat Guardiola, tiga trofi utama pada musim ini menambah panjang pencapaiannya sejak menangani Man City pada tahun 2016. Tak kurang dari 14 trofi utama sudah diraih, termasuk lima titel Premier League dan trofi Liga Champions.Pencapaian Pep Guardiola tersebut, dibarengi dengan hasil polesannya terhadap Manchester City, bikin Jamie Carragher menyebutnya sebagai pelatih terhebat sepanjang masa. Mengungguli manajer legendaris MU, Sir Alex Ferguson.""Selama Guardiola di Etihad, mereka akan jadi tim yang ditakuti semua pihak. Tim dengan sumber daya terbaik, dengan manajer terbaik,"" tulis Carragher di Metro.Baca juga: Guardiola Dikabarkan Tinggalkan Man City Tahun 2025""Dengan menambah Piala Eropa (Liga Champions) ke CV-nya di City, Guardiola juga menambah argumentasi bahwa ia adalah pelatih terhebat sepanjang masa.""Carragher menambahkan argumentasinya itu dengan menyebut bahwa Pep Guardiola sudah membidani dua tim luar biasa dalam karier melatihnya. Itu perbedaan utama dengan Sir Alex Ferguson, yang selama 26 tahun di MU berhasil meraih 38 trofi termasuk treble.""Pendukung Sir Alex Ferguson akan selalu bilang sebaliknya. Kenyataannya, itu bahkan tak perlu diperdebatkan di luar negeri ini.""""Di dua klub berbeda, Guardiola sudah melahirkan dua tim yang memainkan sepakbola paling sempurna yang pernah aku lihat sepanjang hidupku, pertama dengan Barcelona-nya yang juara Liga Champions 2011 dan kini City di 2023,"" tuturnya.Baca juga: Guardiola Dapat Pesan Menyentuh dari Sir Alex (krs/aff)


pep guardiola sir alex ferguson jamie carragher 

"
Conte Bela Lukaku dari Kritik di Final Liga Champions,https://akcdn.detik.net.id/community/media/visual/2023/06/15/romelu-lukaku_43.jpeg?w=250&q=,"Romelu Lukaku diolok-olok usai Inter Milan dikalahkan Manchester City di final Liga Champions. Performa Lukaku justru dibela eks Manajer Inter, Antonio Conte.",https://sport.detik.com/sepakbola/uefa/d-6774715/conte-bela-lukaku-dari-kritik-di-final-liga-champions,"
Arezzo - Romelu Lukaku diolok-olok usai Inter Milan dikalahkan Manchester City di final Liga Champions. Performa Lukaku justru dibela eks Manajer Inter, Antonio Conte.Lukaku memulai pertandingan di Istanbul, akhir pekan lalu, di bangku cadangan. Bomber Belgia itu baru bermain pada menit ke-57, usai masuk menggantikan Edin Dzeko.Hanya sekitar 10 menit setelahnya Man City memecah kebuntuan melalui gol Rodri. Inter Milan lantas mendominasi permainan dengan menciptakan sembilan percobaan (5 on target). Sayang sekali segala upaya Nerazzurri gagal membuahkan hasil sehingga harus merelakan piala melayang ke tangan the Citizens.



    ADVERTISEMENT
  















        SCROLL TO RESUME CONTENT
  

Baca juga: Gagal Rekrut Messi, Al Hilal Kini Bidik Lukaku?Performa Romelu Lukaku disorot tajam meskipun membuat tiga percobaan. Lukaku tidak sengaja menghalangi sepakan Federico Dimarco yang berpotensi menjadi gol, sedangkan sundulannya dari jarak dekat bisa diselamatkan.Lukaku berarti menuntaskan musim 2022/2023 dengan torehan 14 gol dan tujuh assist dalam 37 penampilan. Kontribusi Lukaku membantu Inter Milan memenangi Coppa Italia dan Piala Super Italia, serta finis ketiga di Serie A.Baca juga: Dzeko Menuju Pintu Keluar Inter Milan, Mau ke Fenerbahce?Namun demikian, Conte menyakini kualitas Lukaku tidak seharusnya diragukan. Lukaku kini sedang berharap agar Inter mau mempermanenkan kepindahannya dari Chelsea karena masa peminjamannya segera habis.""Romelu telah menunjukkan apa yang bisa dia lakukan bahkan hanya tampil selama 30 menit di final, karena itu adalah periode pertandingan di mana Inter memiliki paling banyak peluang,"" sebut mantan bos Juventus, Chelsea, Inter Milan, dan Tottenham Hotspur itu dalam sebuah seremoni yang diwartakan Metro.""Memainkan seorang pemain yang punya kekuatan seperti dia di atas lapangan itu membuat perbedaan. Dia memang punya masalah cedera di musim ini, tapi tidak ada yang bisa meragukan kualitas dia,"" simpul Antonio Conte. (rin/aff)


romelu lukaku antonio conte final liga champions inter milan 

"
Jadwal Lengkap Liga Inggris 2023/2024,https://akcdn.detik.net.id/community/media/visual/2023/02/12/liga-inggris_43.jpeg?w=250&q=,"Jadwal Liga Inggris 2023/2024 resmi dirilis. Bisakah tim-tim top macam Liverpool, Arsenal, Manchester United, Chelsea, memutus dominasi Manchester City?",https://sport.detik.com/sepakbola/liga-inggris/d-6774671/jadwal-lengkap-liga-inggris-20232024,"
Jakarta -  Jadwal Liga Inggris 2023/2024 resmi dirilis. Bisakah tim-tim top macam Liverpool, Arsenal, Manchester United, Chelsea, memutus dominasi Manchester City?Man City tampil sebagai juara Premier League 2022/2023 dengan keunggulan lima poin dari rival terdekatnya, Arsenal. Itu adalah titel liga kelima the Citizens dalam enam musim terakhir. Hanya dua kali Man City gagal juara setelah dibesut Pep Guardiola, yaitu di saat finis ketiga 2016/17 (Leicester juara) dan finis runner-up di 2019/20 (Liverpool juara).Sementara itu Arsenal menunjukkan kemajuan signifikan meski harus puas finis kedua setelah memimpin klasemen di sebagian besar kompetisi. The Gunners kembali ke papan atas untuk kali pertama dalam tujuh musim.



    ADVERTISEMENT
  















        SCROLL TO RESUME CONTENT
  

Erik ten Hag sukses memimpin Manchester United finis empat besar di musim pertamanya. MU tidak pernah benar-benar masuk dalam persaingan titel juara melawan Man City dan Arsenal sehingga finis ketiga dengan selisih 14 poin dari rival sekotanya.Baca juga: Chelsea Vs Liverpool Buka Liga Inggris Musim 2023/2024Setelah secara konsisten bersaing dalam tiga dari empat musim terakhir, bahkan juara pada empat musim lalu, Liverpool justru gagal total. The Reds finis kelima, yang berarti gagal lolos ke Liga Champions untuk pertama kalinya setelah dilatih Juergen Klopp. Liverpool sudah pasti ingin kembali ke jalurnya di musim depan.Kejutan terbesar, yang sayangnya buruk, diciptakan Chelsea. Di dalam periode transisi setelah ganti pemilik, the Blues merekrut pemain dengan sembrono yang tidak diikuti dengan hasil bagus.Baca juga: Saat Grealish yang Mabuk-mabukan Bikin Semua Pemain City KhawatirPada prosesnya, Chelsea mendapatkan pukulan telak setelah finis ke-12 dengan perolehan angka terendahnya (44 poin) di Premier League. Meski demikan, si Biru bertekad bangkit yang dimulai dengan menggaet manajer top Mauricio Pochettino dan membentuk skuad yang lebih ideal meski harus menjual beberapa pemainnya.Liga Inggris 2023/2024 akan dimulai pada 11 Agustus mendatang. Man City akan membuka kompetisi dengan bertandang ke markas tim promosi, Burnley dan sebuah big match antara Chelsea vs Liverpool.Sedangkan di pekan terakhir, MU menghadapi laga tricky di markas Brighton. Demikian pun dengan Arsenal karena akan menjamu Everton. Man City akan menjamu West Ham sedangkan Liverpool dan Chelsea masing-masing melakoni laga kandang melawan Wolverhampton dan Bournemouth berturut-turut.[Halaman berikutnya: jadwal Liga Inggris 2023/2024]



Halaman

                1            

                2            


                    Selanjutnya 





jadwal liga inggris 2023/2024 liga inggris 2023/2024 liga inggris manchester city arsenal manchester united liverpool chelsea 

"
"Apesnya Bek MU, Sehotel sama Skuad Man City yang Lagi Party",https://akcdn.detik.net.id/community/media/visual/2022/11/04/lisandro-martinez_43.jpeg?w=250&q=,"Apes banget Lisandro Martinez. lagi liburan di Ibiza, Spanyol eh kedatangan tamu... para pemain Manchester City yang rayakan treble winners!",https://sport.detik.com/sepakbola/gila-bola/d-6774187/apesnya-bek-mu-sehotel-sama-skuad-man-city-yang-lagi-party,"
Jakarta - Apes banget Lisandro Martinez. lagi liburan di Ibiza, Spanyol eh kedatangan tamu... para pemain Manchester City yang rayakan treble winners!Manchester City berpesta rayakan tiga titel semusim yang dikenal dengan sebutan treble winners. City menangi juara Liga Inggris, Piala FA, dan Liga Champions.Capaian The Citizens samai prestasi Manchester United di tahun 1999. Maka kini, para pendukunnya sedang bersuka cita bisa samai capaian klub tetangga.



    ADVERTISEMENT
  















        SCROLL TO RESUME CONTENT
  

Baca juga: Manchester is Blue! City Parade Treble WinnersLisandro Martinez, bek Manchester United diketahui sedang liburan di Ibiza, Spanyol pada akhir pekan kemarin. Tepatnya di Ushuaia Ibiza Beach Hotel, kawasan Playa d'en Bossa.Pada hari Minggu (11/6) waktu setempat beberapa jam setelah Manchester City juara Liga champions setelah kalahkan Inter Milan 1-0 di Istanbul, para pemainnya meluncur ke Ibiza. Mereka mau berpesta, sebelum lanjut ke Kota Manchester untuk parade.Para pemain Manchester City itu menetap di hotel yang sama yang diinapi Lisandro Martinez!Baca juga: Cieee Guardiola... Julia Roberts Kasih Selamat, tuh!Namun, para pemain Manchester City tidak lama-lama di situ. Mereka hanya berpesta dan check in selama 12 jam saja.Kabar ini terkuak setelah sahabat Lisandro Martinez, Marcelo Burlon yang mem-posting foto dirinya bersama Lisandro dan DJ Argentina, BZRP. Mereka berada di sana pada akhir pekan kemarin.Apakah Lisandro papasan sama Haaland cs?Baca juga: Ederson Dituding Gunakan Snus Saat Pesta Man City (aff/krs)


lisandro martinez manchester city 

"
3 Pemain Jadi Buruan Utama Arsenal,https://akcdn.detik.net.id/community/media/visual/2023/04/10/mikel-arteta-1_43.jpeg?w=250&q=,Arsenal memburu setidaknya tiga pemain untuk memperkuat skuad untuk musim depan agar tetap bisa bersaing di papan atas Liga Inggris.,https://www.detik.com/jabar/sepakbola/d-6773469/3-pemain-jadi-buruan-utama-arsenal,"


Jakarta - Arsenal memburu setidaknya tiga pemain untuk memperkuat skuad untuk musim depan agar tetap bisa bersaing di papan atas Liga Inggris.Dilansir detikSport, Arsenal nyaris juara di Liga Inggris musim 2022/2023 kemarin. The Gunners yang ratusan hari bercokol di puncak Klasemen Liga Inggris, akhirnya kepeleset juga dan disalip Manchester City.Baca juga: Kante Bakal Main Bareng Benzema di Al Ittihad, Dibayar Rp 1,6 TSalah satu faktor disinyalir menjadi penyebab seperti kedalaman skuad dan kurangnya pemain dengan pengalaman juara.



    ADVERTISEMENT
  















        SCROLL TO RESUME CONTENT
  

Arsenal dikabarkan akan bergerak cepat di bursa transfer musim panas 2023 ini. Seperti dilansir dari Mirror, setidaknya ada tiga pemain yang jadi buruan utama manajer Mikel Arteta.Ketiga pemain itu adalah bek sayap kanan Joao Cancelo (pemain Man City), gelandang tengah Declan Rice (pemain West Ham), dan gelandang serang Ilkay Guendogan (pemain Man City).Cancelo rumornya akan dijual Manchester City. Pemain berusia 29 tahun itu sempat dipinjamkan ke Bayern Munich pada musim dingin kemarin, sayangnya Bayern enggan mempermanenkannya.Guendogan kontraknya akan habis di City. Pemain asal Jerman itu sepertinya masih bimbang, mau lanjut di City atau cari tantangan lain.Sementara Rice, merupakan incaran Arsenal sejak dua musim terakhir. The Gunners kabarnya siap menembus harga si pemain yang tembus angka Rp 1 triliun!Baca juga: Frenkie de Jong Tolak MU Mentah-mentahLain sisi, Arsenal juga mau cuci gudang. Beberapa pemain akan dilepas, sementara itu pemain-pemain mudanya akan kembali jalani masa peminjaman demi tambah jam terbang.Artikel ini telah tayang di detikSport. Baca selengkapnya di sini.
(iqk/iqk)


sepakbola soccer update liga inggris arsenal


"
Rumor Transfer Arsenal: 3 Pemain Buruan Arteta,https://akcdn.detik.net.id/community/media/visual/2021/11/08/declan-rice_43.jpeg?w=250&q=,"Arsenal akan perkuat skuad di bursa transfer musim panas, agar bisa kembali bersaing di papan atas musim depan. Ada tiga pemain yang diincar Mikel Arteta!",https://sport.detik.com/sepakbola/liga-inggris/d-6773119/rumor-transfer-arsenal-3-pemain-buruan-arteta,"
London - Arsenal akan perkuat skuad di bursa transfer musim panas, agar bisa kembali bersaing di papan atas musim depan. Ada tiga pemain yang diincar Mikel Arteta!Arsenal nyaris juara di Liga Inggris musim 2022/2023 kemarin. The Gunners yang ratusan hari bercokol di puncak Klasemen Liga Inggris, akhirnya kepeleset juga dan disalip Manchester City.Baca juga: Rumor Transfer Manchester City: 5 Keluar, 3 MasukArsenal dikabarkan akan bergerak cepat di bursa transfer musim panas 2023 ini. Seperti dilansir dari Mirror, setidaknya ada tiga pemain yang jadi buruan utama manajer Mikel Arteta.



    ADVERTISEMENT
  















        SCROLL TO RESUME CONTENT
  

Ketiga pemain itu adalah bek sayap kanan Joao Cancelo (pemain Man City), gelandang tengah Declan Rice (pemain West Ham), dan gelandang serang Ilkay Guendogan (pemain Man City).Cancelo rumornya akan dijual Manchester City. Pemain berusia 29 tahun itu sempat dipinjamkan ke Bayern Munich pada musim dingin kemarin, sayangnya Bayern enggan mempermanenkannya.Guendogan kontraknya akan habis di City. Pemain asal Jerman itu sepertinya masih bimbang, mau lanjut di City atau cari tantangan lain.Sementara Rice, merupakan incaran Arsenal sejak dua musim terakhir. The Gunners kabarnya siap menembus harga si pemain yang tembus angka Rp 1 triliun!Baca juga: Arsenal Siap Tebus Declan Rice Rp 1,8 TBaca juga: Arsenal Pede Dapatkan GuendoganLain sisi, Arsenal juga mau cuci gudang. Beberapa pemain akan dilepas, sementara itu pemain-pemain mudanya akan kembali jalani masa peminjaman demi tambah jam terbang.Baca juga: 1, 2, 3... Arsenal Mau Lepas 9 Pemain (aff/krs)


arsenal joao cancelo declan rice ilkay guendogan mikel arteta bursa transfer musim panas rumor transfer 

"
"Usai Ngaku Pensiun, Scarlett Johansson Bocorkan Proyek Rahasia bareng Marvel",https://akcdn.detik.net.id/community/media/visual/2023/05/24/scarlett-johansson_43.jpeg?w=250&q=,"Scarlett Johansson sempat disebut terlibat dalam proyek rahasia Marvel. Kini usai mengaku pensiun, bagaimana update dari proyek tersebut?",https://hot.detik.com/movie/d-6772004/usai-ngaku-pensiun-scarlett-johansson-bocorkan-proyek-rahasia-bareng-marvel,"


Jakarta - Sepertinya Scarlett Johansson tak benar-benar pensiun dari Marvel, ia mungkin saja hanya menyudahi karakter Black Widow yang sudah dimainkannya selama belasan tahun. Pada 2021 aktris yang akrab disapa ScarJo itu mengungkapkan jika ia terlibat dalam sebuah proyek besar yang dirahasiakan bersama dengan bos Marvel, Kevin Feige.Ia pun menjelaskan jika proyek itu sama sekali tak berhubungan dengan karakter Black Widow yang pernah dimainkannya. Dan setelah dua tahun berselang bagaimana kabar proyek tersebut?Dalam acara film terbarunya, Asteroid City, Scarlett Johansson menjelaskan jika proyek itu masih berjalan namun tersendat akibat terdampak dari WGA Strike atau protes yang dilakukan para penulis di Hollywood. Sehingga masih tak diketahui kapan proyek itu akan digarap.


    ADVERTISEMENT
  















        SCROLL TO RESUME CONTENT
  

Baca juga: Misteri Iron Man 3 yang Belum Terpecahkan""Itu masih (proyek rahasianya). Ya, itu masih dalam proses tapi akhir-akhir ini tersendat karena tak ada yang bisa dilakukan saat ini. Kita masih menahannya dan menunggu aksi para penulis yang juga berpotensial terjadi pada para penulis kami, jadi ya masih menunggu. Sebelum aksi tersebut kami sedang mengembangkannya dan sekarang semuanya jadi makin panas,"" paparnya dilansir pada Comicbook.Kabar soal proyek rahasia Scarlett Johansson bersama Marvel diumumkan oleh Kevin Feige saat kondisi antara si aktris dan Disney memanas setelah perselisihan di pemilihan penayangan Black Widow di layanan OTT milik perusahaan tersebut.Hal itu disebut-sebut mempengaruhi pendapatan Scarlett Johansson dari box office. Namun masalah keduanya sudah selesai. Scarlett Johansson dan Disney sudah berdamai.Kevin Feige pun memuji Scarlett Johansson sebagai salah satu aktris yang paling bertalenta.Baca juga: Scarlett Johansson Pensiun dari Marvel!""Scarlett adalah salah satu artis yang paling bertalenta dan dicintai sejak awal kami muncul. Sungguh menyenangkan bekerja dengan seseorang sekalibernya mulai dari sesi pelatihan epik saat mempersiapkan separuh pertarungan di Iron Man 2, hingga tur pers keliling dunia untuk Avengers Endgame, hingga bermitra dengan Anda sebagai produser di Black Widow,"" tuturnya.""Bekerja denganmu Scarlett, benar-benar menjadi salah satu kolaborasi paling berkesan dan bermanfaat dalam karir saya. Terimakasih untuk semuanya. Selamat. Anda tentu saja adalah pahlawan super di kehidupan nyata,"" tambah Kevin Feige. Simak Video ""Scarlett Johansson Pensiun Dari Marvel: Aku Selesai!""
[Gambas:Video 20detik]
(ass/dar)


scarlett johansson scarlett johansson pensiun dari marvel marvel black widow kevin feige 

"
